{"_id":{"$oid":"5cf4d837f0195f25648e6bb1"},"className":"fa-fire","title":"会生活","createAt":{"$date":"2019-06-03T08:20:07.965Z"}}
{"_id":{"$oid":"5cf4d9704057670accc36426"},"className":"fa-glass","title":"奇趣事","createAt":{"$date":"2019-06-03T08:25:20.330Z"}}
{"_id":{"$oid":"5cf4daff4057670accc36427"},"className":"fa-phone","title":"潮科技 ","createAt":{"$date":"2019-06-03T08:31:59.561Z"}}
{"_id":{"$oid":"5cf5297b63359b3198a3d26d"},"className":"fa-gift","title":"美奇迹","createAt":{"$date":"2019-06-03T14:06:51.781Z"}}
