{"_id":{"$oid":"5cf52b762f2c5231005e210c"},"state":0,"author":{"$oid":"5cebea56b0889d2bfc1ed9d7"},"content":"内容很精彩1","post":{"$oid":"5cf671c8cf3bad24cc3c7889"},"createAt":{"$date":"2019-05-27T00:59:00.000Z"}}
{"_id":{"$oid":"5cf67383cf3bad24cc3c789f"},"state":1,"author":{"$oid":"5cebea56b0889d2bfc1ed9d7"},"content":"内容很精彩2","post":{"$oid":"5cf672c1cf3bad24cc3c7899"},"createAt":{"$date":"2019-05-27T00:59:00.000Z"}}
{"_id":{"$oid":"5cf67385cf3bad24cc3c78a0"},"state":0,"author":{"$oid":"5cebea56b0889d2bfc1ed9d7"},"content":"内容很精彩3","post":{"$oid":"5cf672c1cf3bad24cc3c7899"},"createAt":{"$date":"2019-05-27T00:59:00.000Z"}}
{"_id":{"$oid":"5cf67387cf3bad24cc3c78a1"},"state":1,"author":{"$oid":"5cebea56b0889d2bfc1ed9d7"},"content":"内容很精彩4","post":{"$oid":"5cf672c1cf3bad24cc3c7899"},"createAt":{"$date":"2019-05-27T00:59:00.000Z"}}
{"_id":{"$oid":"5cf67389cf3bad24cc3c78a2"},"state":1,"author":{"$oid":"5cebea56b0889d2bfc1ed9d7"},"content":"内容很精彩5","post":{"$oid":"5cf672c1cf3bad24cc3c7899"},"createAt":{"$date":"2019-05-27T00:59:00.000Z"}}
{"_id":{"$oid":"5cf6738bcf3bad24cc3c78a3"},"state":0,"author":{"$oid":"5cebea56b0889d2bfc1ed9d7"},"content":"内容很精彩6","post":{"$oid":"5cf672c1cf3bad24cc3c7899"},"createAt":{"$date":"2019-05-27T00:59:00.000Z"}}
{"_id":{"$oid":"5cf6738ccf3bad24cc3c78a4"},"state":1,"author":{"$oid":"5cebea56b0889d2bfc1ed9d7"},"content":"内容很精彩7","post":{"$oid":"5cf672c1cf3bad24cc3c7899"},"createAt":{"$date":"2019-05-27T00:59:00.000Z"}}
{"_id":{"$oid":"5cf6738ecf3bad24cc3c78a5"},"state":1,"author":{"$oid":"5cebea56b0889d2bfc1ed9d7"},"content":"内容很精彩8","post":{"$oid":"5cf672c1cf3bad24cc3c7899"},"createAt":{"$date":"2019-05-27T00:59:00.000Z"}}
{"_id":{"$oid":"5cf67390cf3bad24cc3c78a6"},"state":1,"author":{"$oid":"5cebea56b0889d2bfc1ed9d7"},"content":"内容很精彩9","post":{"$oid":"5cf672c1cf3bad24cc3c7899"},"createAt":{"$date":"2019-05-27T00:59:00.000Z"}}
{"_id":{"$oid":"5cf67392cf3bad24cc3c78a7"},"state":1,"author":{"$oid":"5cebea56b0889d2bfc1ed9d7"},"content":"内容很精彩1","post":{"$oid":"5cf672c1cf3bad24cc3c7899"},"createAt":{"$date":"2019-05-27T00:59:00.000Z"}}
{"_id":{"$oid":"5cf67393cf3bad24cc3c78a8"},"state":1,"author":{"$oid":"5cebea56b0889d2bfc1ed9d7"},"content":"内容很精彩2","post":{"$oid":"5cf672c1cf3bad24cc3c7899"},"createAt":{"$date":"2019-05-27T00:59:00.000Z"}}
{"_id":{"$oid":"5cf67395cf3bad24cc3c78a9"},"state":1,"author":{"$oid":"5cebea56b0889d2bfc1ed9d7"},"content":"内容很精彩3","post":{"$oid":"5cf672c1cf3bad24cc3c7899"},"createAt":{"$date":"2019-05-27T00:59:00.000Z"}}
{"_id":{"$oid":"5cf67397cf3bad24cc3c78aa"},"state":1,"author":{"$oid":"5cebea56b0889d2bfc1ed9d7"},"content":"内容很精彩4","post":{"$oid":"5cf672c1cf3bad24cc3c7899"},"createAt":{"$date":"2019-05-27T00:59:00.000Z"}}
{"_id":{"$oid":"5cf67399cf3bad24cc3c78ab"},"state":1,"author":{"$oid":"5cebea56b0889d2bfc1ed9d7"},"content":"内容很精彩5","post":{"$oid":"5cf672c1cf3bad24cc3c7899"},"createAt":{"$date":"2019-05-27T00:59:00.000Z"}}
{"_id":{"$oid":"5cf6739bcf3bad24cc3c78ac"},"state":1,"author":{"$oid":"5cebea56b0889d2bfc1ed9d7"},"content":"内容很精彩6","post":{"$oid":"5cf672c1cf3bad24cc3c7899"},"createAt":{"$date":"2019-05-27T00:59:00.000Z"}}
{"_id":{"$oid":"5cf6739dcf3bad24cc3c78ad"},"state":1,"author":{"$oid":"5cebea56b0889d2bfc1ed9d7"},"content":"内容很精彩7","post":{"$oid":"5cf672c1cf3bad24cc3c7899"},"createAt":{"$date":"2019-05-27T00:59:00.000Z"}}
{"_id":{"$oid":"5cf6739fcf3bad24cc3c78ae"},"state":1,"author":{"$oid":"5cebea56b0889d2bfc1ed9d7"},"content":"内容很精彩","post":{"$oid":"5cf672c1cf3bad24cc3c7899"},"createAt":{"$date":"2019-05-27T00:59:00.000Z"}}
{"_id":{"$oid":"5cf673a1cf3bad24cc3c78af"},"state":1,"author":{"$oid":"5cebea56b0889d2bfc1ed9d7"},"content":"内容很精彩8","post":{"$oid":"5cf672c1cf3bad24cc3c7899"},"createAt":{"$date":"2019-05-27T00:59:00.000Z"}}
{"_id":{"$oid":"5cf673a2cf3bad24cc3c78b0"},"state":1,"author":{"$oid":"5cebea56b0889d2bfc1ed9d7"},"content":"内容很精彩","post":{"$oid":"5cf672c1cf3bad24cc3c7899"},"createAt":{"$date":"2019-05-27T00:59:00.000Z"}}
{"_id":{"$oid":"5cf673a5cf3bad24cc3c78b1"},"state":1,"author":{"$oid":"5cebea56b0889d2bfc1ed9d7"},"content":"内容很精彩","post":{"$oid":"5cf672c1cf3bad24cc3c7899"},"createAt":{"$date":"2019-05-27T00:59:00.000Z"}}
{"_id":{"$oid":"5cf673cccf3bad24cc3c78b2"},"state":1,"author":{"$oid":"5cebea56b0889d2bfc1ed9d7"},"content":"内容很精彩","post":{"$oid":"5cf671c8cf3bad24cc3c7889"},"createAt":{"$date":"2019-05-27T00:59:00.000Z"}}
{"_id":{"$oid":"5cf673cfcf3bad24cc3c78b3"},"state":1,"author":{"$oid":"5cebea56b0889d2bfc1ed9d7"},"content":"内容很精彩","post":{"$oid":"5cf671c8cf3bad24cc3c7889"},"createAt":{"$date":"2019-05-27T00:59:00.000Z"}}
{"_id":{"$oid":"5cf673d1cf3bad24cc3c78b4"},"state":1,"author":{"$oid":"5cebea56b0889d2bfc1ed9d7"},"content":"内容很精彩","post":{"$oid":"5cf671c8cf3bad24cc3c7889"},"createAt":{"$date":"2019-05-27T00:59:00.000Z"}}
{"_id":{"$oid":"5cf673d3cf3bad24cc3c78b5"},"state":1,"author":{"$oid":"5cebea56b0889d2bfc1ed9d7"},"content":"内容很精彩","post":{"$oid":"5cf671c8cf3bad24cc3c7889"},"createAt":{"$date":"2019-05-27T00:59:00.000Z"}}
{"_id":{"$oid":"5cf673d4cf3bad24cc3c78b6"},"state":1,"author":{"$oid":"5cebea56b0889d2bfc1ed9d7"},"content":"内容很精彩","post":{"$oid":"5cf671c8cf3bad24cc3c7889"},"createAt":{"$date":"2019-05-27T00:59:00.000Z"}}
{"_id":{"$oid":"5cf673d7cf3bad24cc3c78b7"},"state":1,"author":{"$oid":"5cebea56b0889d2bfc1ed9d7"},"content":"内容很精彩","post":{"$oid":"5cf671c8cf3bad24cc3c7889"},"createAt":{"$date":"2019-05-27T00:59:00.000Z"}}
{"_id":{"$oid":"5cf673d9cf3bad24cc3c78b8"},"state":1,"author":{"$oid":"5cebea56b0889d2bfc1ed9d7"},"content":"内容很精彩","post":{"$oid":"5cf671c8cf3bad24cc3c7889"},"createAt":{"$date":"2019-05-27T00:59:00.000Z"}}
{"_id":{"$oid":"5cf673dbcf3bad24cc3c78b9"},"state":1,"author":{"$oid":"5cebea56b0889d2bfc1ed9d7"},"content":"内容很精彩","post":{"$oid":"5cf671c8cf3bad24cc3c7889"},"createAt":{"$date":"2019-05-27T00:59:00.000Z"}}
{"_id":{"$oid":"5cf673ddcf3bad24cc3c78ba"},"state":1,"author":{"$oid":"5cebea56b0889d2bfc1ed9d7"},"content":"内容很精彩","post":{"$oid":"5cf671c8cf3bad24cc3c7889"},"createAt":{"$date":"2019-05-27T00:59:00.000Z"}}
{"_id":{"$oid":"5cf673dfcf3bad24cc3c78bb"},"state":1,"author":{"$oid":"5cebea56b0889d2bfc1ed9d7"},"content":"内容很精彩","post":{"$oid":"5cf671c8cf3bad24cc3c7889"},"createAt":{"$date":"2019-05-27T00:59:00.000Z"}}
