{"_id":{"$oid":"5cf671b894951b42b870812f"},"meta":{"views":0,"likes":0,"comments":0},"state":1,"content":"你好世界你好世界你好世界你好世界你好世界你好世界你好世界你好世界你好世界你好世界你好世界你好世界你好世界你好世界","thumbnail":"","title":"你好世界111","category":{"$oid":"5cf4d837f0195f25648e6bb1"},"createAt":{"$date":"2019-06-03T16:00:00.000Z"},"author":{"$oid":"5cebea56b0889d2bfc1ed9d7"},"updateAt":{"$date":"2019-06-04T13:27:20.365Z"}}
{"_id":{"$oid":"5cf671c4cf3bad24cc3c7888"},"meta":{"views":0,"likes":0,"comments":0},"state":0,"content":"你好世界你好世界你好世界你好世界你好世界你好世界你好世界你好世界你好世界你好世界你好世界你好世界你好世界你好世界","thumbnail":"","title":"你好世界222","category":{"$oid":"5cf4d837f0195f25648e6bb1"},"createAt":{"$date":"2019-06-03T16:00:00.000Z"},"author":{"$oid":"5cebea56b0889d2bfc1ed9d7"},"updateAt":{"$date":"2019-06-04T13:27:20.365Z"}}
{"_id":{"$oid":"5cf671c8cf3bad24cc3c7889"},"meta":{"views":0,"likes":0,"comments":0},"state":1,"content":"你好世界你好世界你好世界你好世界你好世界你好世界你好世界你好世界你好世界你好世界你好世界你好世界你好世界你好世界","thumbnail":"","title":"你好世界333","category":{"$oid":"5cf4d837f0195f25648e6bb1"},"createAt":{"$date":"2019-06-03T16:00:00.000Z"},"author":{"$oid":"5cebea56b0889d2bfc1ed9d7"},"updateAt":{"$date":"2019-06-04T13:27:20.365Z"}}
{"_id":{"$oid":"5cf671cacf3bad24cc3c788a"},"meta":{"views":0,"likes":0,"comments":0},"state":0,"content":"你好世界你好世界你好世界你好世界你好世界你好世界你好世界你好世界你好世界你好世界你好世界你好世界你好世界你好世界","thumbnail":"","title":"你好世界444","category":{"$oid":"5cf4d837f0195f25648e6bb1"},"createAt":{"$date":"2019-06-03T16:00:00.000Z"},"author":{"$oid":"5cebea56b0889d2bfc1ed9d7"},"updateAt":{"$date":"2019-06-04T13:27:20.365Z"}}
{"_id":{"$oid":"5cf671cccf3bad24cc3c788b"},"meta":{"views":0,"likes":0,"comments":0},"state":1,"content":"你好世界你好世界你好世界你好世界你好世界你好世界你好世界你好世界你好世界你好世界你好世界你好世界你好世界你好世界","thumbnail":"","title":"你好世界555","category":{"$oid":"5cf4d837f0195f25648e6bb1"},"createAt":{"$date":"2019-06-03T16:00:00.000Z"},"author":{"$oid":"5cebea56b0889d2bfc1ed9d7"},"updateAt":{"$date":"2019-06-04T13:27:20.365Z"}}
{"_id":{"$oid":"5cf671cecf3bad24cc3c788c"},"meta":{"views":0,"likes":0,"comments":0},"state":0,"content":"你好世界你好世界你好世界你好世界你好世界你好世界你好世界你好世界你好世界你好世界你好世界你好世界你好世界你好世界","thumbnail":"","title":"你好世界666","category":{"$oid":"5cf4d837f0195f25648e6bb1"},"createAt":{"$date":"2019-06-03T16:00:00.000Z"},"author":{"$oid":"5cebea56b0889d2bfc1ed9d7"},"updateAt":{"$date":"2019-06-04T13:27:20.365Z"}}
{"_id":{"$oid":"5cf671d0cf3bad24cc3c788d"},"meta":{"views":0,"likes":0,"comments":0},"state":1,"content":"你好世界你好世界你好世界你好世界你好世界你好世界你好世界你好世界你好世界你好世界你好世界你好世界你好世界你好世界","thumbnail":"","title":"你好世界777","category":{"$oid":"5cf4d837f0195f25648e6bb1"},"createAt":{"$date":"2019-06-03T16:00:00.000Z"},"author":{"$oid":"5cebea56b0889d2bfc1ed9d7"},"updateAt":{"$date":"2019-06-04T13:27:20.365Z"}}
{"_id":{"$oid":"5cf671d2cf3bad24cc3c788e"},"meta":{"views":0,"likes":0,"comments":0},"state":1,"content":"你好世界你好世界你好世界你好世界你好世界你好世界你好世界你好世界你好世界你好世界你好世界你好世界你好世界你好世界","thumbnail":"","title":"你好世界888","category":{"$oid":"5cf4d837f0195f25648e6bb1"},"createAt":{"$date":"2019-06-03T16:00:00.000Z"},"author":{"$oid":"5cebea56b0889d2bfc1ed9d7"},"updateAt":{"$date":"2019-06-04T13:27:20.365Z"}}
{"_id":{"$oid":"5cf6725094951b42b8708130"},"meta":{"views":0,"likes":0,"comments":0},"state":0,"content":"js是世界上最好的语言111js是世界上最好的语言111js是世界上最好的语言111js是世界上最好的语言111","thumbnail":"","title":"js是世界上最好的语言111","category":{"$oid":"5cf4d9704057670accc36426"},"createAt":{"$date":"2019-06-03T16:59:00.000Z"},"author":{"$oid":"5cebea56b0889d2bfc1ed9d7"},"updateAt":{"$date":"2019-06-04T13:29:52.788Z"}}
{"_id":{"$oid":"5cf6725acf3bad24cc3c788f"},"meta":{"views":0,"likes":0,"comments":0},"state":0,"content":"js是世界上最好的语言111js是世界上最好的语言111js是世界上最好的语言111js是世界上最好的语言111","thumbnail":"","title":"js是世界上最好的语言111","category":{"$oid":"5cf4d9704057670accc36426"},"createAt":{"$date":"2019-06-03T16:59:00.000Z"},"author":{"$oid":"5cebea56b0889d2bfc1ed9d7"},"updateAt":{"$date":"2019-06-04T13:29:52.788Z"}}
{"_id":{"$oid":"5cf6725dcf3bad24cc3c7890"},"meta":{"views":0,"likes":0,"comments":0},"state":0,"content":"js是世界上最好的语言111js是世界上最好的语言111js是世界上最好的语言111js是世界上最好的语言111","thumbnail":"","title":"js是世界上最好的语言111","category":{"$oid":"5cf4d9704057670accc36426"},"createAt":{"$date":"2019-06-03T16:59:00.000Z"},"author":{"$oid":"5cebea56b0889d2bfc1ed9d7"},"updateAt":{"$date":"2019-06-04T13:29:52.788Z"}}
{"_id":{"$oid":"5cf6725fcf3bad24cc3c7891"},"meta":{"views":0,"likes":0,"comments":0},"state":0,"content":"js是世界上最好的语言111js是世界上最好的语言111js是世界上最好的语言111js是世界上最好的语言111","thumbnail":"","title":"js是世界上最好的语言111","category":{"$oid":"5cf4d9704057670accc36426"},"createAt":{"$date":"2019-06-03T16:59:00.000Z"},"author":{"$oid":"5cebea56b0889d2bfc1ed9d7"},"updateAt":{"$date":"2019-06-04T13:29:52.788Z"}}
{"_id":{"$oid":"5cf67262cf3bad24cc3c7892"},"meta":{"views":0,"likes":0,"comments":0},"state":0,"content":"js是世界上最好的语言111js是世界上最好的语言111js是世界上最好的语言111js是世界上最好的语言111","thumbnail":"","title":"js是世界上最好的语言111","category":{"$oid":"5cf4d9704057670accc36426"},"createAt":{"$date":"2019-06-03T16:59:00.000Z"},"author":{"$oid":"5cebea56b0889d2bfc1ed9d7"},"updateAt":{"$date":"2019-06-04T13:29:52.788Z"}}
{"_id":{"$oid":"5cf67264cf3bad24cc3c7893"},"meta":{"views":0,"likes":0,"comments":0},"state":1,"content":"js是世界上最好的语言111js是世界上最好的语言111js是世界上最好的语言111js是世界上最好的语言111","thumbnail":"","title":"js是世界上最好的语言111","category":{"$oid":"5cf4d9704057670accc36426"},"createAt":{"$date":"2019-06-03T16:59:00.000Z"},"author":{"$oid":"5cebea56b0889d2bfc1ed9d7"},"updateAt":{"$date":"2019-06-04T13:29:52.788Z"}}
{"_id":{"$oid":"5cf67266cf3bad24cc3c7894"},"meta":{"views":0,"likes":0,"comments":0},"state":0,"content":"js是世界上最好的语言111js是世界上最好的语言111js是世界上最好的语言111js是世界上最好的语言111","thumbnail":"","title":"js是世界上最好的语言111","category":{"$oid":"5cf4d9704057670accc36426"},"createAt":{"$date":"2019-06-03T16:59:00.000Z"},"author":{"$oid":"5cebea56b0889d2bfc1ed9d7"},"updateAt":{"$date":"2019-06-04T13:29:52.788Z"}}
{"_id":{"$oid":"5cf67268cf3bad24cc3c7895"},"meta":{"views":0,"likes":0,"comments":0},"state":1,"content":"js是世界上最好的语言111js是世界上最好的语言111js是世界上最好的语言111js是世界上最好的语言111","thumbnail":"","title":"js是世界上最好的语言111","category":{"$oid":"5cf4d9704057670accc36426"},"createAt":{"$date":"2019-06-03T16:59:00.000Z"},"author":{"$oid":"5cebea56b0889d2bfc1ed9d7"},"updateAt":{"$date":"2019-06-04T13:29:52.788Z"}}
{"_id":{"$oid":"5cf6729594951b42b8708131"},"meta":{"views":0,"likes":0,"comments":0},"state":0,"content":"vue真的很容易vue真的很容易vue真的很容易vue真的很容易vue真的很容易vue真的很容易vue真的很容易 ","thumbnail":"","title":"vue真的很容易","category":{"$oid":"5cf4daff4057670accc36427"},"createAt":{"$date":"2019-06-03T16:00:00.000Z"},"author":{"$oid":"5cebea56b0889d2bfc1ed9d7"},"updateAt":{"$date":"2019-06-04T13:31:01.978Z"}}
{"_id":{"$oid":"5cf672b9cf3bad24cc3c7896"},"meta":{"views":0,"likes":0,"comments":0},"state":0,"content":"vue真的很容易vue真的很容易vue真的很容易vue真的很容易vue真的很容易vue真的很容易vue真的很容易 ","thumbnail":"","title":"vue真的很容易","category":{"$oid":"5cf4daff4057670accc36427"},"createAt":{"$date":"2019-06-03T16:00:00.000Z"},"author":{"$oid":"5cebea56b0889d2bfc1ed9d7"},"updateAt":{"$date":"2019-06-04T13:31:01.978Z"}}
{"_id":{"$oid":"5cf672bccf3bad24cc3c7897"},"meta":{"views":0,"likes":0,"comments":0},"state":0,"content":"vue真的很容易vue真的很容易vue真的很容易vue真的很容易vue真的很容易vue真的很容易vue真的很容易 ","thumbnail":"","title":"vue真的很容易","category":{"$oid":"5cf4daff4057670accc36427"},"createAt":{"$date":"2019-06-03T16:00:00.000Z"},"author":{"$oid":"5cebea56b0889d2bfc1ed9d7"},"updateAt":{"$date":"2019-06-04T13:31:01.978Z"}}
{"_id":{"$oid":"5cf672bfcf3bad24cc3c7898"},"meta":{"views":0,"likes":0,"comments":0},"state":0,"content":"vue真的很容易vue真的很容易vue真的很容易vue真的很容易vue真的很容易vue真的很容易vue真的很容易 ","thumbnail":"","title":"vue真的很容易","category":{"$oid":"5cf4daff4057670accc36427"},"createAt":{"$date":"2019-06-03T16:00:00.000Z"},"author":{"$oid":"5cebea56b0889d2bfc1ed9d7"},"updateAt":{"$date":"2019-06-04T13:31:01.978Z"}}
{"_id":{"$oid":"5cf672c1cf3bad24cc3c7899"},"meta":{"views":0,"likes":0,"comments":0},"state":0,"content":"vue真的很容易vue真的很容易vue真的很容易vue真的很容易vue真的很容易vue真的很容易vue真的很容易 ","thumbnail":"","title":"vue真的很容易","category":{"$oid":"5cf4daff4057670accc36427"},"createAt":{"$date":"2019-06-03T16:00:00.000Z"},"author":{"$oid":"5cebea56b0889d2bfc1ed9d7"},"updateAt":{"$date":"2019-06-04T13:31:01.978Z"}}
{"_id":{"$oid":"5cf672c3cf3bad24cc3c789a"},"meta":{"views":0,"likes":0,"comments":0},"state":1,"content":"vue真的很容易vue真的很容易vue真的很容易vue真的很容易vue真的很容易vue真的很容易vue真的很容易 ","thumbnail":"","title":"vue真的很容易","category":{"$oid":"5cf4daff4057670accc36427"},"createAt":{"$date":"2019-06-03T16:00:00.000Z"},"author":{"$oid":"5cebea56b0889d2bfc1ed9d7"},"updateAt":{"$date":"2019-06-04T13:31:01.978Z"}}
{"_id":{"$oid":"5cf672fb94951b42b8708132"},"meta":{"views":0,"likes":0,"comments":0},"state":0,"content":"新华社北京7月2日电 这个6月，习主席不辞辛苦，同各方叙友谊、聚共识、促合作，扩大中国朋友圈，汇聚多边主义共识，为全球发展指方向，为世界稳定注信心，书写富有东方智慧与时代力量的中国外交新华章。","thumbnail":"","title":"习主席6月的外交大手笔","category":{"$oid":"5cf5297b63359b3198a3d26d"},"createAt":{"$date":"2018-06-10T16:00:00.000Z"},"author":{"$oid":"5cebea56b0889d2bfc1ed9d7"},"updateAt":{"$date":"2019-06-04T13:32:43.172Z"}}
{"_id":{"$oid":"5cf67306cf3bad24cc3c789b"},"meta":{"views":0,"likes":0,"comments":0},"state":0,"content":"新华社北京7月2日电 这个6月，习主席不辞辛苦，同各方叙友谊、聚共识、促合作，扩大中国朋友圈，汇聚多边主义共识，为全球发展指方向，为世界稳定注信心，书写富有东方智慧与时代力量的中国外交新华章。","thumbnail":"","title":"习主席6月的外交大手笔","category":{"$oid":"5cf5297b63359b3198a3d26d"},"createAt":{"$date":"2018-06-10T16:00:00.000Z"},"author":{"$oid":"5cebea56b0889d2bfc1ed9d7"},"updateAt":{"$date":"2019-06-04T13:32:43.172Z"}}
{"_id":{"$oid":"5cf67309cf3bad24cc3c789c"},"meta":{"views":0,"likes":0,"comments":0},"state":0,"content":"新华社北京7月2日电 这个6月，习主席不辞辛苦，同各方叙友谊、聚共识、促合作，扩大中国朋友圈，汇聚多边主义共识，为全球发展指方向，为世界稳定注信心，书写富有东方智慧与时代力量的中国外交新华章。","thumbnail":"","title":"习主席6月的外交大手笔","category":{"$oid":"5cf5297b63359b3198a3d26d"},"createAt":{"$date":"2018-06-10T16:00:00.000Z"},"author":{"$oid":"5cebea56b0889d2bfc1ed9d7"},"updateAt":{"$date":"2019-06-04T13:32:43.172Z"}}
{"_id":{"$oid":"5cf6730bcf3bad24cc3c789d"},"meta":{"views":0,"likes":0,"comments":0},"state":1,"content":"新华社北京7月2日电 这个6月，习主席不辞辛苦，同各方叙友谊、聚共识、促合作，扩大中国朋友圈，汇聚多边主义共识，为全球发展指方向，为世界稳定注信心，书写富有东方智慧与时代力量的中国外交新华章。","thumbnail":"","title":"习主席6月的外交大手笔","category":{"$oid":"5cf5297b63359b3198a3d26d"},"createAt":{"$date":"2018-06-10T16:00:00.000Z"},"author":{"$oid":"5cebea56b0889d2bfc1ed9d7"},"updateAt":{"$date":"2019-06-04T13:32:43.172Z"}}
{"_id":{"$oid":"5cf6730ecf3bad24cc3c789e"},"meta":{"views":0,"likes":0,"comments":0},"state":0,"content":"新华社北京7月2日电 这个6月，习主席不辞辛苦，同各方叙友谊、聚共识、促合作，扩大中国朋友圈，汇聚多边主义共识，为全球发展指方向，为世界稳定注信心，书写富有东方智慧与时代力量的中国外交新华章。","thumbnail":"","title":"习主席6月的外交大手笔","category":{"$oid":"5cf5297b63359b3198a3d26d"},"createAt":{"$date":"2018-06-10T16:00:00.000Z"},"author":{"$oid":"5cebea56b0889d2bfc1ed9d7"},"updateAt":{"$date":"2019-06-04T13:32:43.172Z"}}
